iter	MultiClass	F1:use_weights=true;class=0	F1:use_weights=true;class=1	F1:use_weights=true;class=2	F1:use_weights=true;class=3	F1:use_weights=false;class=0	F1:use_weights=false;class=1	F1:use_weights=false;class=2	F1:use_weights=false;class=3	Accuracy:use_weights=true	Accuracy:use_weights=false
0	1.345462202	0.404798819	0.499843838	0.606780697	0.3766673322	0.4020108652	0.5002506266	0.6075426584	0.377847679	0.4644733584	0.4643333333
1	1.308403004	0.3862354111	0.5739726401	0.6541650471	0.2870995537	0.3838997882	0.5745419324	0.655292676	0.2877839165	0.4899146817	0.490047619
2	1.277272565	0.3744595343	0.5727946	0.6581570372	0.31384551	0.3723570869	0.5733235077	0.6593488372	0.3147035484	0.4918200416	0.4921428571
3	1.252103874	0.3723819067	0.5755987704	0.6577421438	0.3520555605	0.3703778135	0.5760579161	0.658953168	0.3531135531	0.4976560457	0.4980952381
4	1.228484668	0.3756180435	0.561138202	0.6560372826	0.3665009648	0.3735977564	0.5615301335	0.6572528883	0.3676441253	0.4949911864	0.4954285714
5	1.209275256	0.374303189	0.5887714883	0.6585507727	0.3603371206	0.372313591	0.5891793943	0.659769273	0.3614533305	0.5039623948	0.5044285714
6	1.193555148	0.3825392323	0.5855122218	0.6603052443	0.3648624534	0.3804790776	0.5859184385	0.6615285806	0.3659556671	0.5058189547	0.5062380952
7	1.178860554	0.3710880988	0.5865853327	0.6706598068	0.3632932859	0.3691488272	0.5869622592	0.6719928984	0.364393545	0.5077224037	0.5082380952
8	1.165360351	0.3725928909	0.5905202226	0.6773808343	0.373657835	0.3707012987	0.5908850026	0.6787226535	0.3748070392	0.5135813954	0.5141428571
9	1.152507769	0.3701286774	0.6000973379	0.681124727	0.3841884946	0.3682880606	0.6004769897	0.6824967263	0.385358832	0.5199039953	0.5205238095
10	1.141713508	0.3749364515	0.6008683412	0.682263196	0.3841840963	0.3730397757	0.6012378426	0.6836178075	0.3853532749	0.5207972926	0.5213809524
11	1.13158562	0.3777443598	0.6030020399	0.6858161604	0.3869139734	0.3758445068	0.6033658105	0.6871704745	0.3880935215	0.5236046426	0.5241904762
12	1.123539244	0.3849613354	0.6057638162	0.6873943657	0.39124931	0.3830049261	0.6061144685	0.6887311446	0.392438874	0.5264474044	0.527
13	1.113526958	0.3867726988	0.6094330319	0.6923587514	0.393442015	0.3848294342	0.6097798214	0.6937040645	0.3946364105	0.530149654	0.5307142857
14	1.10338272	0.3887582503	0.6105501291	0.6968734465	0.398345403	0.3868295713	0.6109000972	0.6982300885	0.3995473717	0.5333730666	0.533952381
15	1.096067478	0.3907450983	0.6114454225	0.6991100085	0.4026347177	0.3888254232	0.611793829	0.7004600142	0.4038540385	0.5356498343	0.5362380952
16	1.089175636	0.3932139915	0.6148191443	0.7010236579	0.4058827026	0.3912863071	0.6151672994	0.7023725212	0.4071069118	0.5384118523	0.539
17	1.082284894	0.3972886517	0.6168185911	0.7047244016	0.40780744	0.3953344344	0.6171640473	0.7060700044	0.4090299969	0.5412352567	0.5418095238
18	1.075526922	0.3969565109	0.617985622	0.7068287968	0.4096568291	0.3950030973	0.6183327446	0.7081705151	0.4108941418	0.5422752682	0.5428571429
19	1.069484464	0.3950447666	0.6185650277	0.7060876	0.4105335201	0.3930970342	0.6189086407	0.7074444543	0.4117707583	0.5421711426	0.5427619048
20	1.063191054	0.4003508987	0.6218757321	0.71000514	0.4125511978	0.3983899267	0.6222104145	0.7113475177	0.4138001848	0.5456087156	0.5461904762
21	1.057145436	0.3995007628	0.6284678476	0.7105924588	0.4180485251	0.3975554174	0.6287992911	0.7119483506	0.4193151528	0.5487745887	0.5493809524
22	1.05206924	0.4025318233	0.6337371753	0.7128085343	0.4202138723	0.4005793503	0.6340512275	0.714159292	0.4214952313	0.5519190452	0.5525238095
23	1.046396222	0.4020651211	0.6363681079	0.7134083136	0.4260048567	0.4001245201	0.6366868112	0.7147656941	0.4273033364	0.5539469043	0.5545714286
24	1.042042104	0.4035271258	0.6386609922	0.7142765089	0.4263655239	0.4015723596	0.6389753624	0.7156288806	0.4276691117	0.5549057529	0.5555238095
25	1.036916123	0.4066775144	0.6402898527	0.717029671	0.4296443884	0.4047224524	0.6406041759	0.7183846971	0.4309482495	0.5577619942	0.5583809524
26	1.03275069	0.4097493039	0.6427915294	0.7180078707	0.4315825892	0.4077951695	0.6430919591	0.7193619849	0.4328951391	0.5598111449	0.5604285714
27	1.027852847	0.4087176529	0.6417476929	0.7172301677	0.4316676344	0.4067726187	0.6420500044	0.7185894028	0.432981316	0.5590431749	0.5596666667
28	1.023519244	0.4139492206	0.6417371944	0.7202085036	0.4363882431	0.412016272	0.6420368557	0.7215727949	0.4377022654	0.5621841572	0.5628095238
29	1.019633629	0.4144633808	0.6429730369	0.7216881617	0.4385893081	0.4125168936	0.6432717207	0.7230496454	0.4399111291	0.5632807664	0.5639047619
30	1.015344967	0.4172611401	0.6454792514	0.7228294253	0.4373151076	0.4153141906	0.6457607433	0.7241959777	0.4386354461	0.5646202194	0.5652380952
31	1.011207443	0.4186563131	0.6469324855	0.7232273512	0.4392181072	0.4167012879	0.6472162741	0.7245939469	0.4405375366	0.5658136069	0.5664285714
32	1.0078049	0.4171713799	0.6504362846	0.7237575066	0.4382008755	0.4152198773	0.6507100116	0.7251285689	0.439531597	0.5663288348	0.566952381
33	1.004574345	0.4197616536	0.6494851695	0.725287115	0.440137782	0.4178110695	0.649763414	0.7266601649	0.4414614453	0.5675701355	0.5681904762
34	1.001549469	0.4193459866	0.6498447442	0.7245982798	0.4425747549	0.4173840888	0.6501254031	0.7259653795	0.4439073515	0.567665482	0.5682857143
35	0.9984530978	0.4199476541	0.6516998651	0.7268236042	0.4441949723	0.4179910668	0.6519752755	0.7281932848	0.4455385852	0.5692295306	0.5698571429
36	0.9952343192	0.4239532322	0.6542493083	0.7265113071	0.4466129673	0.4219784768	0.6545095221	0.727871772	0.4479647082	0.5709571227	0.5715714286
37	0.9920709981	0.425281743	0.6558245355	0.7279177686	0.4474748203	0.4233078038	0.6560732561	0.729281768	0.4488323143	0.5722425741	0.5728571429
38	0.9894661844	0.4235765604	0.6547343068	0.7284899245	0.4495892073	0.4216216216	0.6549896703	0.7298595056	0.4509549045	0.5723686017	0.573
39	0.9866847249	0.4258192726	0.6579048357	0.7280323749	0.452622858	0.4238700271	0.6581573034	0.7294034091	0.4539914077	0.5744122218	0.575047619
40	0.984245149	0.4262454593	0.6580920578	0.7284843737	0.4536838775	0.4242992602	0.6583438117	0.7298569779	0.4550539353	0.5749340875	0.5755714286
41	0.9816534533	0.4286501728	0.6579082575	0.7304809454	0.4537064943	0.4266972095	0.6581641818	0.7318589573	0.455063481	0.5759891602	0.5766190476
42	0.9795111492	0.4322380049	0.6582022937	0.7319975582	0.4550698611	0.4302566225	0.6584598796	0.733363029	0.4564215588	0.5773420443	0.577952381
43	0.9773114939	0.4342792598	0.6572497118	0.7335729088	0.45364219	0.4323035455	0.6575071839	0.7349301042	0.4549914889	0.5777276569	0.5783333333
44	0.9750534324	0.4343961156	0.6582058617	0.7332074502	0.4563187388	0.4324212272	0.6584643018	0.7345629511	0.4576746048	0.5784853048	0.5790952381
45	0.972977384	0.4360563262	0.6589798143	0.7355085411	0.4547020794	0.4340716208	0.6592339507	0.7368608587	0.4560560561	0.5792551576	0.5798571429
46	0.9710627372	0.4370151637	0.6598078505	0.7356704955	0.4574030423	0.4350253282	0.6600648181	0.7370297736	0.4587541246	0.5802548458	0.5808571429
47	0.969147652	0.4369682515	0.6607754403	0.7354182563	0.4560904177	0.4349710983	0.6610352265	0.7367763803	0.4574350747	0.5801644445	0.5807619048
48	0.9673082584	0.4381017864	0.6634149449	0.735660226	0.457938122	0.436101083	0.6636698732	0.7370205174	0.4592860008	0.581592398	0.5821904762
49	0.9651167606	0.4384920766	0.6631753704	0.7375544785	0.4595987501	0.436498915	0.6634304207	0.738917135	0.4609531438	0.5825380536	0.5831428571
50	0.9632459831	0.439173297	0.6649135464	0.7378087559	0.4626497211	0.4371833316	0.6651661115	0.7391691924	0.4640143942	0.5839128842	0.5845238095
51	0.9615467507	0.4417181562	0.6662374173	0.7387811162	0.4637391192	0.4397192403	0.6664866811	0.7401321665	0.4651069786	0.5852538841	0.5858571429
52	0.9600291369	0.4414580933	0.6659356375	0.7396271314	0.4650586684	0.4394628099	0.6661865322	0.7409853624	0.4664268585	0.5856773149	0.5862857143
53	0.9585293641	0.4419613444	0.666117912	0.7396020051	0.4663632111	0.4399669353	0.6663662581	0.7409590142	0.4677371098	0.586056801	0.5866666667
54	0.956569371	0.4448018866	0.667737537	0.7407820883	0.4678469763	0.4427952999	0.66798775	0.7421372409	0.4692123151	0.5877804372	0.5883809524
55	0.9549492227	0.445605942	0.6689414397	0.7412103456	0.4676802365	0.4435974039	0.6691885076	0.7425609865	0.4690469047	0.5883543321	0.588952381
56	0.9532539836	0.4463246118	0.6691253117	0.7420779721	0.4677154673	0.4443073126	0.6693701	0.7434292866	0.4690814489	0.5887398801	0.5893333333
57	0.9512632561	0.4457768741	0.6682870568	0.7417808565	0.4675632146	0.4437589965	0.6685307116	0.74313322	0.4689310689	0.5881682432	0.5887619048
58	0.949870806	0.4478106169	0.6708140901	0.7425627018	0.4703212504	0.4457930467	0.6710561919	0.7439155333	0.4716924613	0.5901663612	0.5907619048
59	0.9483320637	0.4474024632	0.6706341871	0.7423343323	0.4690771108	0.445380742	0.6708758005	0.7436861902	0.4704472843	0.5895978097	0.5901904762
60	0.9468545455	0.4490008264	0.6741408266	0.7430771895	0.4704912068	0.4469813843	0.6743724038	0.7444315234	0.471867518	0.5914521268	0.592047619
61	0.9457958508	0.4502586747	0.6757008912	0.7438097653	0.4719328169	0.4482333607	0.6759317751	0.7451612903	0.4733113838	0.5925972605	0.5931904762
62	0.944463558	0.4488873229	0.6758259604	0.7443663038	0.4722019198	0.4468653649	0.6760537955	0.7457201757	0.4735897947	0.5924951952	0.5930952381
63	0.9430624488	0.4497780103	0.676713808	0.7439000464	0.4734769145	0.4477581242	0.6769480519	0.7452525976	0.4748603352	0.5932088405	0.5938095238
64	0.9416878085	0.4496871477	0.6767276294	0.7438095388	0.4738650254	0.4476660498	0.6769619796	0.7451612903	0.475251469	0.5931603965	0.5937619048
65	0.9402776326	0.4501201548	0.6761323263	0.7443479944	0.473928793	0.4481020471	0.6763616656	0.7456989247	0.4753184713	0.5932558286	0.5938571429
66	0.9389121739	0.4503033176	0.6772001371	0.7448183644	0.4758211006	0.4482865082	0.6774368231	0.7461669506	0.4772139303	0.594155883	0.5947619048
67	0.9377430896	0.4523585315	0.6772673235	0.7452175616	0.4753864451	0.4503284072	0.6774979691	0.7465685835	0.4767696909	0.5945971698	0.5951904762
68	0.9363867218	0.4544942428	0.6774676546	0.7456913922	0.4760039796	0.4524516327	0.6776964108	0.7470355731	0.4773859335	0.5952263156	0.5958095238
69	0.9349281739	0.4540181455	0.6783545484	0.7468085926	0.4767438347	0.4519762441	0.6785875553	0.748157469	0.4781265571	0.5958403527	0.5964285714
70	0.9336896579	0.4555684639	0.6780606463	0.7467662098	0.4782978788	0.4535300748	0.6782907218	0.7481135465	0.4796812749	0.5965081982	0.5970952381
71	0.9323729564	0.4557033863	0.6792845185	0.7479254728	0.4788457317	0.4536610343	0.6795080485	0.7492816092	0.4802310527	0.597268718	0.5978571429
72	0.9314198115	0.4561091202	0.6794658585	0.7484433372	0.4784983269	0.4540617966	0.6796924469	0.7497978618	0.4798804781	0.5974146813	0.598
73	0.930352803	0.4565744432	0.6794567028	0.7497282347	0.4805533806	0.4545361353	0.679688913	0.7510775862	0.4819420953	0.5984076137	0.599
74	0.9293253618	0.4571377178	0.6797087874	0.7505878114	0.4806115314	0.4550947261	0.6799384671	0.7519324106	0.4820043746	0.5987435715	0.5993333333
75	0.9285177211	0.4571483861	0.6798850563	0.7497744936	0.4799742672	0.4551143942	0.6801084991	0.7511230907	0.4813673855	0.5985033239	0.5990952381
76	0.9276541595	0.4567726957	0.6803699623	0.749485555	0.4811102884	0.4547316673	0.6805970149	0.7508317597	0.4825049702	0.5986464709	0.5992380952
77	0.9267641611	0.4595336769	0.6795402769	0.7507017232	0.4807656694	0.4574816026	0.6797681579	0.7520460473	0.482148185	0.5992311653	0.5998095238
78	0.9256168033	0.4597763231	0.6805693053	0.751334246	0.4818087231	0.4577205882	0.6807932627	0.752678491	0.4831974548	0.5998970221	0.6004761905
79	0.9244440083	0.4596153034	0.6815031546	0.751562358	0.4823527397	0.4575698639	0.6817318991	0.7529030516	0.4837458992	0.6004136819	0.601
80	0.923698278	0.4613649261	0.6812157597	0.7519583691	0.4809113346	0.4593076687	0.6814439519	0.7532888809	0.4822991249	0.6003789177	0.600952381
81	0.9223089963	0.461615174	0.6818302278	0.752360851	0.481713855	0.4595588235	0.682048498	0.7536963577	0.4831081081	0.600853327	0.6014285714
82	0.9214042531	0.4626085481	0.6830553757	0.7527078654	0.4817778056	0.4605491477	0.6832714428	0.7540362587	0.4831761787	0.6014272115	0.602
83	0.9206494751	0.4628485541	0.6836668812	0.7526375539	0.4820196027	0.4607853136	0.6838814895	0.753968254	0.4834160874	0.6016669398	0.6022380952
84	0.9198283829	0.4627848299	0.6839082813	0.7538245244	0.4826574522	0.4607223016	0.6841246829	0.755159052	0.4840536513	0.6022353672	0.6028095238
85	0.9188176748	0.4630347918	0.6849958497	0.7531668524	0.4834995457	0.4609733701	0.6852069934	0.7545061283	0.4848966614	0.602615151	0.6031904762
86	0.9177260443	0.4640040357	0.6855985038	0.7540482784	0.4852094241	0.4619470835	0.6858126472	0.7553872509	0.4866097996	0.6036112915	0.6041904762
87	0.9169804736	0.4647618219	0.6863459572	0.7538514375	0.4858617326	0.4627002755	0.6865590423	0.755186722	0.4872633561	0.6039950003	0.6045714286
88	0.9162371271	0.4658319416	0.6850286435	0.753427962	0.4859207829	0.4637651616	0.6852423307	0.75476126	0.4873166865	0.6037165798	0.6042857143
89	0.9154692791	0.46449836	0.6855711209	0.7531528442	0.4862124976	0.46243246	0.6857868942	0.7544888568	0.4876114965	0.6035683405	0.6041428571
90	0.9149905742	0.4649231871	0.6846727589	0.7539629427	0.4863114303	0.4628553959	0.6848892118	0.7552989988	0.4877081681	0.6036657538	0.6042380952
91	0.9140136201	0.4658462345	0.6857607663	0.7544165213	0.4871133223	0.4637829014	0.6859736723	0.7557520527	0.4885148515	0.6044730205	0.605047619
92	0.9131247048	0.4665682988	0.6862579995	0.754803833	0.4876114706	0.464504284	0.6864668483	0.7561371841	0.4890164259	0.6049502086	0.6055238095
93	0.9123913178	0.4673994536	0.6866833565	0.7545349423	0.4891472019	0.4653344209	0.6868925425	0.7558685446	0.4905511032	0.6055224425	0.6060952381
94	0.9118399866	0.4676042363	0.6859015497	0.7542210637	0.4884040565	0.4655330414	0.6861088398	0.7555555556	0.4898039992	0.6050519132	0.6056190476
95	0.9108775661	0.4682314124	0.687677874	0.7546048128	0.4900851685	0.4661577608	0.6878865042	0.7559367946	0.4914885194	0.6061452527	0.6067142857
96	0.9099475621	0.4693090659	0.6874518255	0.7545945712	0.491225634	0.4672289401	0.6876592647	0.7559211716	0.4926303294	0.6064836106	0.607047619
97	0.9092842928	0.4686056966	0.6890921095	0.7544456987	0.4918114232	0.4665244336	0.6892974154	0.7557803468	0.4932158067	0.6069082981	0.6074761905
98	0.90854977	0.4687309252	0.6880016297	0.7543174318	0.4920188847	0.466653111	0.6882111971	0.7556479306	0.4934243053	0.6066219095	0.6071904762
99	0.9075962871	0.4706059646	0.6881448395	0.7548586396	0.4914288932	0.4685215272	0.6883483648	0.7561901319	0.4928281729	0.6070594764	0.6076190476
100	0.9069099246	0.4714839784	0.6888682192	0.7551966829	0.4928133748	0.4694043505	0.6890710383	0.7565272382	0.4942153664	0.6079140558	0.6084761905
101	0.9060270897	0.474036698	0.6891051016	0.7555945306	0.4934530825	0.4719488688	0.6893035958	0.7569180684	0.4948514851	0.6087821158	0.6093333333
102	0.9050096197	0.474041908	0.6885584708	0.7555739747	0.4918132743	0.4719465262	0.6887513651	0.7568985796	0.4932077343	0.608217823	0.6087619048
103	0.9044072131	0.4740896703	0.6902131533	0.7559373218	0.4924549579	0.471994328	0.6904024768	0.7572604723	0.49385652	0.6088814218	0.6094285714
104	0.9035084817	0.4733609276	0.6901720303	0.7556918177	0.4911153005	0.4712678626	0.6903636364	0.7570161144	0.4925151185	0.6083565812	0.6089047619
105	0.9024988091	0.4736907647	0.6906975681	0.7547454561	0.4915090709	0.4715874621	0.6908859146	0.7560666425	0.4929088565	0.6083146179	0.6088571429
106	0.9018100173	0.474927044	0.6905818923	0.7558720839	0.4923631717	0.472826637	0.6907732945	0.7571971754	0.4937586685	0.6090761133	0.6096190476
107	0.900917949	0.4743327049	0.6914252162	0.7556682378	0.4935521773	0.4722306525	0.6916211293	0.7569966489	0.4949474936	0.6093582237	0.6099047619
108	0.9001040401	0.4741697593	0.6925730094	0.7562589912	0.492702675	0.4720622411	0.6927628584	0.757589488	0.4940989785	0.6095508203	0.6100952381
109	0.8994262449	0.4753351637	0.6927855126	0.7560769058	0.493553018	0.4732269145	0.6929736626	0.7574082465	0.4949474936	0.6099816803	0.6105238095
110	0.8985552858	0.4781031408	0.6938029245	0.7561151499	0.4946424523	0.4759887006	0.693989071	0.7574383164	0.4960333201	0.6111339756	0.6116666667
111	0.897829919	0.4784700483	0.6935115859	0.7564987129	0.4947390835	0.476353736	0.6936953353	0.757820292	0.4961301846	0.6112789889	0.6118095238
112	0.8969950255	0.4779965361	0.693553132	0.7562301297	0.4948412318	0.4758829465	0.6937437392	0.7575510204	0.4962316541	0.6111330075	0.6116666667
113	0.8961269232	0.4788498796	0.6940069968	0.7568677742	0.4949403267	0.4767277856	0.6941937836	0.7581889121	0.4963300932	0.6115666568	0.6120952381
114	0.8953557469	0.4804711351	0.6936603245	0.7567390641	0.4956858553	0.4783484391	0.693847834	0.7580571947	0.4970696335	0.6120485329	0.6125714286
115	0.8948084683	0.4799145621	0.6945263317	0.7565312931	0.497173918	0.4777923255	0.6947176685	0.7578507896	0.4985605083	0.6124242827	0.612952381
116	0.8942912636	0.4806350845	0.6945178528	0.7568785831	0.4975715216	0.4785103171	0.6947100064	0.7581948606	0.4989571954	0.6127603931	0.6132857143
117	0.893683728	0.4817466371	0.6948366916	0.7574790583	0.4987088962	0.4796216162	0.6950264165	0.758789861	0.500099226	0.6134758476	0.614
118	0.8930313752	0.4815353853	0.6946379748	0.7574520226	0.4981656123	0.4794120608	0.694828842	0.7587647593	0.4995532612	0.6132850466	0.6138095238
119	0.8922735806	0.4819108464	0.6959336036	0.7578429905	0.4992067205	0.4797827399	0.6961275626	0.7591532661	0.5005954744	0.6139991932	0.6145238095
120	0.8916794104	0.4836739537	0.6957412865	0.7585317733	0.4993101433	0.4815448054	0.6959373292	0.759836438	0.5006948581	0.614576036	0.6150952381
121	0.8910469325	0.4849147967	0.6959777125	0.7584534841	0.5006060932	0.4827793955	0.6961748634	0.7597562085	0.5019864919	0.6151528143	0.6156666667
122	0.8903361928	0.4832319285	0.6964470039	0.7574851366	0.4995603143	0.4810913833	0.6966353606	0.7587962542	0.5009438649	0.614342106	0.6148571429
123	0.8895167619	0.4852862744	0.6968841092	0.7578519311	0.5003083414	0.4831460674	0.6970719694	0.7591599236	0.5016881827	0.6152036854	0.6157142857
124	0.8887051724	0.4860880582	0.6971874701	0.7582509933	0.5015914764	0.4839486356	0.6973732215	0.7595558791	0.5029761905	0.6158224075	0.6163333333
125	0.8884824431	0.4867543652	0.6979239316	0.7585466568	0.501195667	0.4846115288	0.6981028822	0.7598507599	0.5025814138	0.6161593439	0.6166666667
126	0.8876456363	0.4873401301	0.6982137388	0.7591804002	0.5025847044	0.4852011638	0.6983953319	0.7604839443	0.5039714059	0.6169183748	0.6174285714
127	0.8870277445	0.4888002854	0.6991578434	0.7609412317	0.5039123772	0.4866599799	0.6993338808	0.7622428545	0.5053049083	0.6182046672	0.6187142857
128	0.8862950418	0.4882255071	0.6997569173	0.7612529304	0.50405474	0.4860901878	0.6999361372	0.7625545852	0.5054509415	0.6183893123	0.6189047619
129	0.8856499327	0.4890431654	0.6994775831	0.7616025091	0.5030638081	0.4869041646	0.6996530948	0.762901611	0.5044580939	0.6182999392	0.6188095238
130	0.8851579234	0.4891538025	0.7002530276	0.7608987171	0.5038623546	0.4870123358	0.7004288712	0.762199563	0.5052548086	0.6185384837	0.619047619
131	0.8846619007	0.4886492009	0.7002455882	0.7613323701	0.5028684775	0.4865081753	0.7004196315	0.7626331603	0.5042633353	0.6182995814	0.6188095238
132	0.8840181318	0.4895831438	0.7005234213	0.761234056	0.5022249038	0.4874336638	0.7006939372	0.7625296155	0.5036185189	0.6183073699	0.6188095238
133	0.8834917916	0.4897757095	0.7007504106	0.7613467359	0.5035130292	0.4876289692	0.7009217852	0.762642369	0.5049082796	0.6187809727	0.6192857143
134	0.8828297661	0.491197585	0.7010457029	0.7621309514	0.5040696609	0.4890445223	0.7012228509	0.7634241955	0.505457432	0.6195008295	0.62
135	0.8820004833	0.4916941837	0.7006174664	0.7621558051	0.5040048449	0.4895426799	0.7007859623	0.7634506657	0.5053965739	0.6194067309	0.6199047619
136	0.8811072608	0.4922404412	0.7006524748	0.7616801456	0.5029573582	0.4900900901	0.7008140492	0.7629730962	0.5043512658	0.6191239201	0.6196190476
137	0.8805290993	0.4915373236	0.7003619416	0.7616926214	0.502511117	0.4893872647	0.7005215482	0.7629899727	0.5039058637	0.6187888048	0.6192857143
138	0.8798580131	0.4920462632	0.7005924518	0.7616120732	0.5037643997	0.4898939364	0.7007593084	0.7629110119	0.5051505547	0.6193137905	0.6198095238
139	0.87929233	0.4918950486	0.7007015262	0.762114574	0.5036157141	0.48974282	0.70086877	0.763414412	0.5050024765	0.6194080672	0.6199047619
140	0.8787480058	0.4913368821	0.7017000942	0.7622531931	0.5042949273	0.4891870244	0.7018667643	0.7635535308	0.5056880008	0.619688412	0.6201904762
141	0.8781857589	0.4930852457	0.7013239591	0.7627071869	0.5041047524	0.4909364046	0.7014911719	0.7640040077	0.5054923305	0.6201224025	0.6206190476
142	0.8775922919	0.4936588698	0.7016974506	0.7628988309	0.504410442	0.4915016997	0.7018667643	0.7641965181	0.5057926527	0.6204128312	0.6209047619
143	0.8769472515	0.4939080169	0.7020071226	0.764109593	0.5041102975	0.4917508249	0.7021782903	0.7654028436	0.5054945055	0.6207935221	0.6212857143
144	0.876511008	0.494458043	0.7019433427	0.7634081293	0.5050509758	0.4923015397	0.7021140295	0.7647005196	0.5064343694	0.6209374847	0.6214285714
145	0.8759201055	0.4945120633	0.7020554661	0.7635756766	0.5039625952	0.4923538231	0.7022230354	0.7648668369	0.5053465347	0.6207494354	0.6212380952
146	0.875166923	0.4960671056	0.7013399326	0.764940523	0.5045138689	0.4939060939	0.7015102975	0.7662290299	0.5058928395	0.6214209218	0.6219047619
147	0.8746455951	0.495560947	0.7015053418	0.7652051956	0.504909158	0.4934026389	0.7016741378	0.7664965366	0.5062914892	0.6215598942	0.622047619
148	0.8742915524	0.4967750411	0.7018736227	0.7654467449	0.5059445404	0.4946107784	0.7020400695	0.7667305761	0.5073296355	0.6221365019	0.6226190476
149	0.8735966919	0.4970038608	0.7018691958	0.7650149278	0.5071762493	0.4948494849	0.7020400695	0.7662988967	0.5085618133	0.6224641684	0.622952381
150	0.872836595	0.4973699659	0.7013845565	0.7648874338	0.5068923172	0.4952076677	0.7015553522	0.7661709698	0.5082730605	0.6222798556	0.6227619048
151	0.8723333885	0.4986685952	0.7017239131	0.765918047	0.5082050388	0.4965062887	0.701895778	0.767193351	0.5095906664	0.6231378482	0.6236190476
152	0.8715944209	0.4993349583	0.7013401004	0.7655375993	0.5074431359	0.4971616373	0.7015102975	0.7668128655	0.5088206145	0.6229094862	0.6233809524
153	0.871123701	0.4992307607	0.7029514382	0.765691995	0.5074969742	0.497060289	0.7031178568	0.7669681191	0.5088780875	0.6234302161	0.6239047619
154	0.8707001658	0.5008790196	0.7033488507	0.76580575	0.5080466787	0.4987054372	0.7035139092	0.7670807453	0.5094227336	0.624054828	0.6245238095
155	0.8703146155	0.5011222979	0.7033398545	0.765875814	0.5086815792	0.4989534536	0.7035037965	0.7671508176	0.5100604619	0.6242904862	0.6247619048
156	0.8697841179	0.5010799582	0.7050715391	0.7659310392	0.5102645563	0.4989050368	0.7052361772	0.7672059227	0.5116463475	0.6250509234	0.6255238095
157	0.8693071603	0.5024697806	0.7054719785	0.7662844196	0.5108712905	0.5002988643	0.7056348335	0.7675586812	0.5122507688	0.6258141859	0.6262857143
158	0.8689476525	0.5016209836	0.7054620059	0.7661292518	0.5107148327	0.4994519183	0.7056241427	0.7674036178	0.5120983737	0.6255253522	0.626
159	0.8683799046	0.5023709508	0.7058143247	0.7664933346	0.5115229772	0.5001992032	0.7059791552	0.7677690481	0.5129019452	0.6260986008	0.6265714286
160	0.8679162275	0.5033687342	0.7065072972	0.7667480546	0.5124181793	0.5011942675	0.7066678862	0.7680219278	0.5137978956	0.6267680608	0.6272380952
161	0.8675243103	0.5031167614	0.7053536418	0.766525674	0.5118571114	0.5009461209	0.7055164212	0.7677967651	0.5132374814	0.6261961201	0.6266666667
162	0.8670349976	0.5047598219	0.7063080061	0.7669782776	0.5130632015	0.5025896414	0.7064740307	0.7682470083	0.5144388211	0.6272935298	0.6277619048
163	0.8665045319	0.5036179915	0.7060066262	0.7662178554	0.512466254	0.5014426425	0.7061728395	0.7674865137	0.5138434058	0.6265321945	0.627
164	0.8661590405	0.5053098866	0.7055735434	0.7669927744	0.5123331461	0.503133393	0.7057425018	0.7682603529	0.5137013503	0.6270144659	0.6274761905
165	0.8653492268	0.5064032757	0.7057717615	0.7670615643	0.5130266863	0.5042267529	0.7059361566	0.7683305906	0.5143934882	0.6274932761	0.627952381
166	0.8649761882	0.5075963309	0.7058725863	0.7674688539	0.5130301799	0.50541588	0.7060331411	0.768738574	0.5143934882	0.6278794781	0.6283333333
167	0.8645113884	0.5062554692	0.706326486	0.7667212247	0.5127711176	0.5040714995	0.7064858923	0.767992684	0.5141383074	0.6273533266	0.6278095238
168	0.8641431142	0.5064042875	0.7069066964	0.7671143639	0.5134672981	0.5042217145	0.7070670084	0.7683863886	0.5148357646	0.6278274142	0.6282857143
169	0.8636654838	0.5080426384	0.70714421	0.7668920248	0.514800105	0.5058636454	0.7073036793	0.7681610247	0.5161674271	0.6285436572	0.629
170	0.8631370949	0.5077941789	0.7070498541	0.7670873553	0.5145573184	0.5056123969	0.7072076197	0.7683584819	0.5159241988	0.6284490948	0.6289047619
171	0.8626899594	0.507348593	0.7077668573	0.767689679	0.5152910236	0.5051730999	0.7079289507	0.7689636264	0.5166600555	0.628918011	0.6293809524
172	0.8622207395	0.5077957021	0.7078188325	0.7679448447	0.5152927716	0.5056213312	0.707982424	0.7692167078	0.5166600555	0.6291094765	0.6295714286
173	0.861778392	0.507846297	0.708509788	0.7677199581	0.5154756774	0.5056716418	0.7086729554	0.7689916811	0.5168450258	0.6292513427	0.6297142857
174	0.8614486372	0.5091389367	0.7083378889	0.7679462873	0.5159277753	0.5069637883	0.7085012825	0.7692167078	0.517292637	0.6296838532	0.6301428571
175	0.8609946178	0.5100350442	0.7083858487	0.7681330994	0.5154774342	0.5078638264	0.7085431737	0.7693995064	0.5168450258	0.6298764574	0.6303333333
176	0.8603304799	0.5091422989	0.7081618451	0.7684245994	0.51613262	0.5069776715	0.7083180652	0.7696947542	0.5175074184	0.6298212021	0.6302857143
177	0.8598333982	0.5097403809	0.7085038473	0.7688208453	0.5166818773	0.5075757576	0.7086614173	0.7700886736	0.5180567923	0.6302978979	0.6307619048
178	0.8596521453	0.5091916744	0.7088804746	0.768778388	0.5173677987	0.5070254111	0.7090392893	0.7700466307	0.5187456722	0.6303905241	0.6308571429
179	0.8592338773	0.508792907	0.7086566577	0.7685931873	0.5175057383	0.5066268062	0.7088143669	0.7698637652	0.5188847143	0.6301987354	0.6306666667
180	0.8588257373	0.5091376738	0.7092056243	0.7690824278	0.5165814101	0.5069610183	0.7093641195	0.7703432494	0.5179614052	0.6302530137	0.6307142857
181	0.8584334947	0.5103807363	0.7085720278	0.7688241231	0.5161559743	0.5082048732	0.7087263071	0.7700896943	0.5175282234	0.6302585442	0.6307142857
182	0.8578426104	0.5107316594	0.7094859227	0.7692172002	0.517620056	0.5085589172	0.7096419742	0.7704842992	0.5189948556	0.6310162387	0.6314761905
183	0.857587375	0.5115758433	0.7098429271	0.76985383	0.5175399631	0.5094020495	0.7099963383	0.7711174156	0.5189146366	0.6314954096	0.631952381
184	0.8571389382	0.5112267234	0.7097342478	0.7701638377	0.5175250388	0.5090511239	0.7098901099	0.7714285714	0.5188996636	0.6313993491	0.6318571429
185	0.856785152	0.5120199799	0.709948683	0.7703070815	0.5174465697	0.5098429111	0.710102489	0.7715698846	0.5188193344	0.6316886496	0.6321428571
186	0.8564119927	0.5113248413	0.7106370559	0.7699096558	0.5186251797	0.5091487669	0.710793738	0.7711748008	0.52	0.6318740727	0.6323333333
187	0.8559011076	0.5116221052	0.7105775756	0.7695878446	0.5191947464	0.5094452177	0.7107362244	0.7708504989	0.5205696203	0.6319221814	0.6323809524
188	0.8556525466	0.512118091	0.7098945382	0.7698127228	0.5191134135	0.5099403579	0.7100559171	0.7710755149	0.5204828815	0.6319249692	0.6323809524
189	0.8550993816	0.5117150835	0.7099097692	0.7695136597	0.5187350248	0.5095313741	0.7100678526	0.7707799341	0.5201029907	0.6316416751	0.6320952381
190	0.8546912053	0.5117656011	0.7106024276	0.76998269	0.5186120368	0.509581968	0.7107604807	0.7712454212	0.519984171	0.6318786426	0.6323333333
191	0.8542792976	0.5135526693	0.710092892	0.7708310181	0.5187279743	0.5113692781	0.7102512379	0.7720904679	0.5200950307	0.6324556651	0.6329047619
192	0.8537545031	0.5124606154	0.7096201919	0.7703114317	0.5186555098	0.5102790744	0.7097780224	0.7715698846	0.5200276926	0.6318809366	0.6323333333
193	0.853360946	0.5119134716	0.7090540468	0.770805711	0.5188016268	0.5097299444	0.709215956	0.7720648886	0.5201740506	0.6317367749	0.6321904762
194	0.8528606852	0.5119628785	0.7099190091	0.7711023577	0.5181126482	0.5097766749	0.7100797946	0.7723607038	0.5194856578	0.6318806239	0.6323333333
195	0.8522946058	0.5141480412	0.7104321605	0.7710850477	0.5196480912	0.5119650482	0.7105890989	0.7723443223	0.5210167145	0.6329315529	0.6333809524
196	0.8517537883	0.5145545286	0.7097105329	0.7721644792	0.5194856321	0.5123769758	0.7098669114	0.7734260615	0.5208539237	0.6331204822	0.6335714286
197	0.8514467864	0.5155406084	0.709488584	0.7714519359	0.5200195154	0.5133604848	0.7096418733	0.7727106227	0.5213869406	0.6331729378	0.6336190476
198	0.8510780327	0.5149985809	0.7102640144	0.7718171323	0.5206076584	0.5128205128	0.7104176228	0.7730769231	0.5219796503	0.6335014033	0.633952381
199	0.8506731683	0.5151980318	0.709963432	0.7718576495	0.5196737896	0.5130192805	0.71011566	0.7731184765	0.5210432721	0.6332657541	0.6337142857
200	0.8505266792	0.5152456336	0.7103198515	0.7720404541	0.519192811	0.513065077	0.7104707718	0.7733015931	0.5205614868	0.6333146814	0.6337619048
201	0.8502590482	0.5155887933	0.7104640716	0.7720322412	0.5195252628	0.5134061569	0.7106132942	0.7732893652	0.5208971446	0.6334589942	0.6339047619
202	0.8500115261	0.5163321723	0.7102936233	0.7723585568	0.5199122992	0.5141495383	0.7104417302	0.7736142923	0.5212839506	0.6337465185	0.6341904762
203	0.8497925448	0.5164332538	0.710107527	0.7724291962	0.5201541992	0.5142516635	0.7102580586	0.773685175	0.5215244866	0.6337936517	0.6342380952
204	0.8494350466	0.5167797952	0.7106826097	0.7727962907	0.5208189241	0.5145978153	0.7108378453	0.7740516767	0.5221859868	0.6343171589	0.6347619048
205	0.8489585471	0.5169780213	0.7114437341	0.7728393194	0.5215964576	0.514796425	0.7115967312	0.7740930744	0.5229674998	0.6347442825	0.6351904762
206	0.8487585096	0.5173278857	0.7110887711	0.7727989606	0.5221696118	0.515148505	0.711241734	0.7740516767	0.523541605	0.6348391937	0.6352857143
207	0.8483178463	0.5171808793	0.7113001588	0.7733185415	0.5213050779	0.5150009934	0.7114537445	0.7745717688	0.5226756249	0.6348395454	0.6352857143
208	0.8479670835	0.5187976536	0.7115644666	0.7738928978	0.5208792081	0.516608825	0.7117150202	0.7751397928	0.5222463911	0.6352779007	0.6357142857
209	0.8476839647	0.5194518585	0.7114583144	0.7740440354	0.5225362837	0.5172687574	0.7116091109	0.7752932551	0.5239035954	0.6358464327	0.6362857143
210	0.8471733963	0.5189627908	0.7121407505	0.774124294	0.5231156031	0.5167825223	0.712291016	0.7753755955	0.5244865719	0.6360798239	0.6365238095
211	0.846676521	0.519909317	0.7131535052	0.7740552102	0.5241640085	0.517731201	0.7133021206	0.7753045709	0.5255359083	0.6368417411	0.6372857143
212	0.8462324226	0.5205098825	0.7135845608	0.7742712472	0.5246742397	0.5183344927	0.7137355584	0.7755176837	0.5260452703	0.637317774	0.6377619048
213	0.8459391604	0.5217072811	0.7142145097	0.7750000703	0.5257706561	0.519534745	0.7143643368	0.776239802	0.5271470879	0.6381746293	0.6386190476
214	0.8456967892	0.5208667199	0.7145015267	0.7751043977	0.5256086363	0.5186953063	0.7146524849	0.7763411279	0.5269910194	0.6380281737	0.6384761905
215	0.8453501977	0.5206174653	0.7148051743	0.7749600836	0.5256787677	0.5184448643	0.714954558	0.7761987714	0.5270629991	0.637979417	0.6384285714
216	0.8450253407	0.5215992422	0.7148694485	0.775757812	0.5267176238	0.5194237457	0.7150201983	0.7769929364	0.5281009663	0.6386487245	0.6390952381
217	0.8448857091	0.521496921	0.7145680983	0.7756456747	0.5265207735	0.5193205523	0.714718575	0.7768807339	0.5279037665	0.6384590517	0.6389047619
218	0.8445695955	0.5207646446	0.7141497554	0.7754287308	0.5262985827	0.5185921654	0.7142988337	0.7766669724	0.5276847291	0.6380743462	0.6385238095
219	0.8441955446	0.5216105188	0.7137965847	0.7751429045	0.5264997566	0.5194391966	0.7139445159	0.7763821399	0.5278817734	0.6381723594	0.6386190476
220	0.8439706006	0.521707097	0.7145589358	0.775110713	0.5265864037	0.519534745	0.7147053424	0.7763519707	0.5279668541	0.6384584068	0.6389047619
221	0.8436319512	0.5215021576	0.7149790709	0.7748158233	0.5262552871	0.5193282321	0.7151248164	0.7760564671	0.5276352152	0.6383639609	0.6388095238
222	0.8432636035	0.5214621621	0.7156625412	0.7748187429	0.5267669142	0.519291965	0.7158068662	0.7760564671	0.5281530421	0.6386462599	0.6390952381
223	0.8428588294	0.5209677415	0.7164012618	0.774592982	0.5269472985	0.5187984882	0.7165412153	0.7758320345	0.5283390833	0.6386909284	0.6391428571
224	0.8424357843	0.5218254425	0.7168391359	0.7747092061	0.5279233629	0.5196615231	0.7169742036	0.7759552827	0.5293132328	0.6393085493	0.6397619048
225	0.8421409608	0.5223586324	0.7167041919	0.7745888445	0.5283850811	0.5201909688	0.7168425883	0.7758320345	0.5297712934	0.6394548073	0.6399047619
226	0.8415960461	0.5229948355	0.7167964523	0.7756877063	0.5285854586	0.5208229798	0.7169360764	0.7769322453	0.5299684543	0.6399333408	0.6403809524
227	0.8413983057	0.5231933948	0.7170320728	0.7759427603	0.5290313106	0.5210217672	0.7171717172	0.7771868696	0.5304150646	0.6402185802	0.6406666667
228	0.841250542	0.5227571646	0.7167948604	0.7758306927	0.5292937446	0.5205888204	0.7169360764	0.7770747364	0.530680587	0.6400722937	0.6405238095
229	0.8409691888	0.5239502305	0.7172248768	0.7764586227	0.5299776557	0.5217823752	0.7173693396	0.7776962583	0.5313638602	0.6407884126	0.6412380952
230	0.8405812872	0.5246945789	0.7170186527	0.7768313466	0.5290339917	0.5225261064	0.7171578078	0.7780731506	0.5304150646	0.6408404599	0.6412857143
231	0.8401373453	0.525562697	0.7167846859	0.7767379875	0.5287319212	0.5233886185	0.7169222294	0.7779715466	0.5301133563	0.6407996353	0.6412380952
232	0.8398647458	0.5239301583	0.7171901257	0.7764413726	0.5279896262	0.5217564077	0.7173274596	0.7776757848	0.5293769716	0.6402709042	0.6407142857
233	0.8394050528	0.5264883011	0.7169372061	0.7769963561	0.5290752832	0.524310379	0.7170780949	0.7782265467	0.5304510907	0.6412327833	0.6416666667
234	0.8391230626	0.5263853526	0.7173709459	0.7771796397	0.5291266559	0.5242063492	0.7175110132	0.778410134	0.5305034551	0.6413751613	0.6418095238
235	0.8389269136	0.5266865152	0.7173053509	0.7771084323	0.5293246536	0.5245088311	0.7174451684	0.7783386875	0.5307008885	0.6414707279	0.6419047619
236	0.8386255241	0.5259805515	0.7167006022	0.7766909746	0.5295609963	0.5238000793	0.7168425883	0.7779206466	0.5309385177	0.6410416215	0.6414761905
237	0.838295437	0.5260763589	0.7176705487	0.7766585384	0.5297319966	0.5238945072	0.7178122419	0.7778900009	0.5311080387	0.6413748021	0.6418095238
238	0.8380415913	0.5248500474	0.7181926726	0.7762580902	0.5298322404	0.5226708999	0.7183344034	0.7774921975	0.5312129593	0.6411784435	0.6416190476
239	0.8377955838	0.5263489712	0.7179425307	0.7775098235	0.5302532736	0.5241735332	0.7180851064	0.7787366875	0.531635574	0.6418945894	0.6423333333
240	0.8374111027	0.5260042361	0.7178919282	0.7772542896	0.5291615358	0.5238284353	0.7180333884	0.7784815937	0.5305437679	0.6414666503	0.6419047619
241	0.8371048403	0.5269159791	0.7177372962	0.7773757794	0.5308064991	0.5247465713	0.7178781204	0.7786035416	0.5321896875	0.6420834632	0.6425238095
242	0.8367338423	0.5265115257	0.7183871515	0.777993863	0.5305139102	0.5243393602	0.7185321101	0.7792160103	0.5319002071	0.6422253489	0.6426666667
243	0.8364639939	0.528211493	0.718136687	0.7782903708	0.5316885129	0.5260437376	0.7182827264	0.7795116578	0.5330704781	0.6429417895	0.6433809524
244	0.8362285619	0.5284968932	0.7182542436	0.7780663908	0.5315597734	0.5263262468	0.7184002935	0.7792875505	0.532938856	0.6429445412	0.6433809524
245	0.8358730356	0.5295408418	0.7178524688	0.7784047813	0.5321907425	0.5273720815	0.7179957787	0.7796236806	0.5335699497	0.6433276502	0.6437619048
246	0.8355593437	0.5296023219	0.717682313	0.7785969159	0.5320332532	0.5274353877	0.7178263264	0.7798165138	0.5334121821	0.6433268617	0.6437619048
247	0.8350813255	0.530377572	0.7183027719	0.7782538735	0.5321784413	0.5282081843	0.7184430368	0.7794711715	0.5335567163	0.64356883	0.644
248	0.8347406279	0.5304204781	0.7184277747	0.7781813278	0.5324919384	0.5282494291	0.7185661765	0.7793996144	0.533871603	0.6436164554	0.644047619
249	0.8345915594	0.5304818036	0.7178386596	0.7784458878	0.5323728581	0.5283131333	0.7179770115	0.7796641277	0.5337531982	0.6435205926	0.643952381
250	0.8343141969	0.5312758845	0.7175246489	0.7780071615	0.5321407148	0.5291078879	0.7176611198	0.779225546	0.5335170785	0.6434767036	0.6439047619
251	0.8341166589	0.5309639988	0.7180067631	0.7781521673	0.5327962519	0.5287926926	0.7181467181	0.7793685756	0.5341737246	0.6437136621	0.6441428571
252	0.8338439226	0.5314032147	0.7179459611	0.7781450493	0.5317579607	0.5292307692	0.7180807059	0.7793591038	0.533136386	0.6435270733	0.643952381
253	0.8334716877	0.5325118985	0.7178054	0.7795298201	0.5316925534	0.530333069	0.7179392824	0.7807388348	0.5330708661	0.6440088509	0.6444285714
254	0.8332456913	0.5324500853	0.7182240415	0.7793116636	0.5316311734	0.5302685029	0.7183590876	0.7805236564	0.5330049261	0.6440576075	0.6444761905
255	0.8331557787	0.5329918205	0.7182912322	0.7792416712	0.5318812453	0.5308103824	0.7184251679	0.7804519566	0.5332545078	0.6442497179	0.6446666667
256	0.8329349585	0.5345339712	0.7183047924	0.7797904938	0.532681466	0.5323555644	0.7184394553	0.7809943939	0.5340551181	0.6449186932	0.6453333333
257	0.8327626331	0.5344711874	0.7183554771	0.7797890208	0.5326584314	0.5322900158	0.7184912603	0.7809943939	0.5340293509	0.6449198319	0.6453333333
258	0.832539848	0.534668843	0.718809815	0.7797860747	0.5330364154	0.5324881141	0.7189398123	0.7809943939	0.5344097667	0.6451574443	0.6455714286
259	0.8321891008	0.5350418132	0.7184408499	0.7795961092	0.5331967426	0.532858274	0.7185716915	0.7808017654	0.5345676581	0.645113223	0.6455238095
260	0.8320346377	0.535239489	0.7183872018	0.779741708	0.5337728672	0.5330562154	0.7185198822	0.7809453743	0.5351447135	0.6453032175	0.6457142857
261	0.8317491151	0.53604834	0.7191266294	0.7795804835	0.5345232697	0.5338606031	0.7192562592	0.7807840972	0.5358936484	0.6457829688	0.6461904762
262	0.8314200844	0.5355499971	0.7187717688	0.7800620826	0.5333408037	0.5333596916	0.7189024952	0.7812643784	0.5347119645	0.6454026836	0.6458095238
263	0.8309612447	0.5352701839	0.719307977	0.7795506233	0.5336805448	0.5330827811	0.7194403535	0.7807525991	0.5350531705	0.6454473522	0.6458571429
264	0.8307578728	0.5354384507	0.7195283921	0.780405075	0.5336952229	0.5332541568	0.7196614224	0.7816091954	0.5350669819	0.6458264121	0.6462380952
265	0.8304591746	0.5369793903	0.7198438868	0.7805899175	0.535796713	0.5347985348	0.7199779148	0.7817931034	0.5371664862	0.6468267737	0.6472380952
266	0.8301644527	0.5372296074	0.719605761	0.7803737831	0.5358029888	0.535049505	0.71973466	0.7815774959	0.5371754524	0.6467321917	0.6471428571
267	0.82994819	0.5369098286	0.7194345222	0.780596403	0.536059024	0.5347339213	0.719565017	0.7818014706	0.5374336805	0.6467283012	0.6471428571
268	0.8296900696	0.5372001942	0.7192491019	0.7805923803	0.5366845104	0.5350242742	0.7193807022	0.7817931034	0.5380610942	0.6468716369	0.6472857143
269	0.8293735169	0.5383230115	0.7193659737	0.7808162536	0.5375067377	0.5361457714	0.7194987099	0.7820171003	0.5388774206	0.6474465165	0.6478571429
270	0.828941946	0.5384933744	0.7189025517	0.7807463173	0.5361846045	0.5363194926	0.7190349019	0.7819452105	0.53755407	0.6470671814	0.6474761905
271	0.8286641004	0.5375838991	0.7193379985	0.7802635452	0.5361984251	0.5354065564	0.7194695156	0.7814654776	0.5375688434	0.6468275877	0.6472380952
272	0.828462618	0.5380601788	0.7194477723	0.7798576771	0.5366687835	0.5358804316	0.719579646	0.7810574713	0.5380381364	0.6469250891	0.6473333333
273	0.8283252055	0.5384153198	0.7195516151	0.7799305015	0.5368650426	0.5362376238	0.7196830077	0.7811292992	0.5382347159	0.6471155684	0.6475238095
274	0.8280726516	0.538375091	0.7196035079	0.7804400786	0.5374905449	0.536198871	0.71973466	0.7816409124	0.5388621401	0.6473988625	0.6478095238
275	0.8279383624	0.5381894114	0.7201541552	0.7804400786	0.5382589018	0.5360150599	0.7202874516	0.7816409124	0.5396326491	0.6476811615	0.6480952381
276	0.8274688508	0.5383878661	0.7196314015	0.7809515626	0.53822695	0.5362132171	0.7197640118	0.7821527139	0.5396015311	0.6476816718	0.6480952381
277	0.8271899599	0.5387961795	0.7190491774	0.7812499177	0.5379935706	0.536624046	0.7191818684	0.7824487168	0.5393677597	0.6476828286	0.6480952381
278	0.8269656979	0.5386911298	0.7200884621	0.781175473	0.5387943286	0.536517689	0.7202210963	0.7823767476	0.5401689256	0.6481094508	0.6485238095
279	0.826626673	0.5392726568	0.7199350905	0.7812094693	0.5381385189	0.5370975731	0.7200663656	0.7824086853	0.5395111417	0.6480181145	0.6484285714
280	0.8264686487	0.53904723	0.7202037752	0.7812859204	0.5385494443	0.5368754956	0.7203319502	0.7824887336	0.5399254463	0.6481574085	0.6485714286
281	0.8260904753	0.539273026	0.7198603573	0.7812893771	0.5388759915	0.5370975731	0.7199926192	0.7824967825	0.5402434236	0.6482073295	0.6486190476
282	0.8257459579	0.5390098634	0.7201121825	0.7814352655	0.5387831309	0.5368316832	0.7202435874	0.7826406767	0.5401531514	0.6482074911	0.6486190476
283	0.8254268823	0.5384164648	0.7206344362	0.7813233862	0.5388500168	0.5362376238	0.7207672446	0.7825287356	0.5402219821	0.6482051971	0.6486190476
284	0.8251326683	0.5398535821	0.7209363002	0.781393393	0.5407654289	0.5376769977	0.7210696173	0.7826006989	0.5421331762	0.6491109602	0.6495238095
285	0.8249307591	0.5388923071	0.7208501767	0.7810966127	0.5397281761	0.5367108648	0.7209817309	0.7823047917	0.5410979083	0.6484923712	0.6489047619
286	0.8247019172	0.53988096	0.7216595382	0.7814274436	0.5403518888	0.537700376	0.7217920354	0.7826326925	0.5417199017	0.6492081414	0.6496190476
287	0.8244964546	0.5393805325	0.7214091697	0.7813556926	0.5395811494	0.5371982588	0.7215411559	0.7825607064	0.5409497591	0.6488276676	0.6492380952
288	0.8242539135	0.5399461463	0.7214593663	0.7814690772	0.5405472199	0.5377685378	0.72159248	0.7826726754	0.5419164619	0.6492546296	0.6496666667
289	0.8240955197	0.5398937464	0.7214458067	0.7814690772	0.5399738014	0.5377153039	0.7215772987	0.7826726754	0.5413430341	0.649112907	0.6495238095
290	0.8238633771	0.5404866523	0.7215294895	0.7813571699	0.5406902786	0.5383092457	0.7216589862	0.7825607064	0.5420597484	0.6493992746	0.6498095238
291	0.8236090711	0.5405786845	0.7219815158	0.7813909724	0.5414024179	0.5384006334	0.7221095335	0.7825926948	0.5427757588	0.6496840111	0.6500952381
292	0.8232776981	0.5419350718	0.722468935	0.7815356249	0.5415098027	0.5397547468	0.7225961095	0.7827287792	0.542882405	0.6501658963	0.6505714286
293	0.823027541	0.5421327462	0.7229896912	0.7816074596	0.5417779931	0.5399525316	0.7231180319	0.7828008471	0.5431492039	0.6504514498	0.6508571429
294	0.8228353255	0.542369625	0.7227019016	0.7816074596	0.5415311909	0.5401878398	0.7228315974	0.7828008471	0.5428992629	0.6503583298	0.6507619048
295	0.8226570979	0.5422635806	0.7228393891	0.7815592657	0.5417443508	0.5400810517	0.7229692393	0.7827529022	0.5431127716	0.6504057591	0.6508095238
296	0.8224463267	0.5424753201	0.72327727	0.7819683229	0.5421696164	0.5402946702	0.7234042553	0.7831613854	0.5435423629	0.6507849521	0.6511904762
297	0.8221762148	0.5423441376	0.7236106951	0.78207886	0.5432569266	0.540166205	0.7237375599	0.7832734641	0.5446332122	0.6511142316	0.6515238095
298	0.8220712546	0.5421069085	0.7232414854	0.7819744268	0.5431142178	0.5399307274	0.7233689642	0.7831691373	0.544490277	0.6509229458	0.6513333333
299	0.8217401519	0.5425564763	0.7227201658	0.7828956626	0.5423505817	0.5403800475	0.7228516165	0.7840898628	0.5437217528	0.6509728862	0.6513809524
300	0.8215630591	0.5427151696	0.7232736346	0.7828956626	0.5427780922	0.5405405405	0.7234042553	0.7840898628	0.5441508693	0.6512571395	0.6516666667
301	0.821401938	0.5425701128	0.7233748036	0.7827492972	0.5428483172	0.5403960396	0.7235023041	0.7839455031	0.5442230294	0.6512085444	0.6516190476
302	0.8212097797	0.5432409009	0.7235794071	0.7826374032	0.5431519893	0.541064714	0.7237024062	0.7838335481	0.5445262641	0.6514497331	0.6518571429
303	0.8210734938	0.5427398383	0.7234437473	0.7825642448	0.5428314778	0.5405619311	0.7235689925	0.7837613919	0.5442043222	0.6512113052	0.6516190476
304	0.8208049709	0.543005197	0.7234398687	0.783416036	0.5430092977	0.5408294566	0.7235689925	0.7846097202	0.5443833464	0.6515432214	0.651952381
305	0.8205969397	0.5429661429	0.7240942968	0.7835983539	0.5438470383	0.5407920792	0.7242237169	0.7847938144	0.5452224295	0.6519688756	0.6523809524
306	0.8204004759	0.54334726	0.7239948824	0.7836315684	0.5440787908	0.5411718131	0.7241220389	0.7848264432	0.5454545455	0.6520659026	0.6524761905
307	0.8201601033	0.5427255949	0.7237910939	0.7831855921	0.5440618806	0.5405458861	0.7239218577	0.7843787418	0.5454366834	0.6517331799	0.6521428571
308	0.8200272807	0.5428456979	0.7238575574	0.7832242403	0.5441866645	0.5406689096	0.7239885725	0.7844184547	0.5455616654	0.6518269628	0.6522380952
309	0.8197865945	0.5432938143	0.7239753711	0.7837065692	0.5444362456	0.5411182583	0.7241061555	0.7848987109	0.5458116469	0.6521606537	0.6525714286
310	0.8196437255	0.5428594751	0.7234050457	0.7836667756	0.543936214	0.5406850129	0.7235375403	0.7848590901	0.5453117329	0.6517788706	0.6521904762
311	0.8194731064	0.5431886304	0.7241078644	0.7840370581	0.544131349	0.5410111804	0.7242396313	0.785227482	0.5455081001	0.6521608243	0.6525714286
312	0.8190716195	0.5441472712	0.7234239119	0.7835163195	0.5441199804	0.5419673752	0.7235532621	0.7847075081	0.5454902731	0.6520719075	0.6524761905
313	0.8188358926	0.5436117116	0.7235558905	0.7842604074	0.544986357	0.5414397465	0.7236866359	0.7854511971	0.5463644392	0.6523971544	0.6528095238
314	0.8186013657	0.5440311768	0.7240086679	0.7842209612	0.5454336447	0.541856323	0.724137931	0.785411678	0.5468105986	0.6526848224	0.6530952381
315	0.8183286814	0.5437799002	0.7244989315	0.7839948401	0.5454360048	0.5416048283	0.7246270031	0.7851879145	0.5468120641	0.65273193	0.6531428571
316	0.8181654562	0.5441082476	0.7248315137	0.7841800156	0.5456340098	0.5419303797	0.7249608403	0.7853721444	0.547008547	0.6529715057	0.6533809524
317	0.8180232456	0.5443202243	0.7247819528	0.7840681801	0.5458458944	0.5421448358	0.7249101465	0.7852602487	0.5472216768	0.6530184682	0.6534285714
318	0.8177699556	0.5444114526	0.7249673829	0.783772599	0.5458995252	0.5422354105	0.7250944613	0.7849640685	0.547275405	0.6530192657	0.6534285714
319	0.8175088456	0.544229151	0.7251324998	0.7839269595	0.5458089106	0.5420542252	0.725262576	0.7851155936	0.5471864873	0.6530652706	0.6534761905
320	0.8172014535	0.5440313174	0.7253532914	0.7830372075	0.5455196662	0.541856323	0.725479351	0.7842270131	0.546899529	0.652732045	0.6531428571
321	0.8168824131	0.5435581836	0.7257862422	0.7828922028	0.545842177	0.5413861386	0.725916375	0.784082535	0.5472216768	0.6528236956	0.6532380952
322	0.8166274999	0.5443968783	0.7264102179	0.7826670373	0.5460449307	0.5422187067	0.7265358755	0.7838584854	0.5474201474	0.6531627194	0.6535714286
323	0.8164353884	0.5442912032	0.7263433158	0.7831413536	0.5455969184	0.5421115065	0.726468963	0.7843317972	0.5469732704	0.6531155953	0.6535238095
324	0.8162884963	0.5448836148	0.7260256461	0.7829560773	0.5459042267	0.5427046263	0.7261510129	0.7841474654	0.5472773737	0.6532127839	0.6536190476
325	0.816058861	0.544594324	0.7253041602	0.7828440675	0.5459736014	0.5424164524	0.7254305978	0.784035395	0.5473477407	0.6529260826	0.6533333333
326	0.8156755547	0.5442919266	0.7254830915	0.783211932	0.5452989607	0.5421115065	0.7256148107	0.7844040925	0.5466692867	0.6528310188	0.6532380952
327	0.8155038849	0.5444515108	0.7254986497	0.7832172191	0.5456395317	0.5422723228	0.7256311037	0.7844112769	0.547008547	0.6529730827	0.6533809524
328	0.8153915901	0.5446345346	0.7256002104	0.7832904996	0.5452310476	0.5424532964	0.725732179	0.7844835529	0.5465985057	0.6529753601	0.6533809524
329	0.8151447026	0.5455976773	0.725565498	0.7834091063	0.5474635807	0.5434223541	0.7256979637	0.7846026338	0.5488308116	0.6537824907	0.6541904762
330	0.8149904605	0.5461222689	0.7255160736	0.7834504262	0.5471458669	0.5439446367	0.7256474058	0.7846422981	0.5485107638	0.653833703	0.6542380952
331	0.8148532323	0.5463731866	0.72561628	0.7834504262	0.5471129152	0.5441961637	0.725748503	0.7846422981	0.5484759095	0.6539295928	0.6543333333
332	0.8145566805	0.5462827659	0.7259826341	0.7838899357	0.5473440108	0.5441060127	0.7261169968	0.7850828729	0.5487073626	0.6541657538	0.6545714286
333	0.8143380556	0.54653969	0.7257506538	0.7834772088	0.5472015564	0.5443588224	0.7258822445	0.7846678338	0.5485646874	0.6539793071	0.6543809524
334	0.8140193338	0.5461074055	0.7261388059	0.7828177425	0.5466985571	0.5439272655	0.7262672811	0.7840103159	0.5480636918	0.6536924276	0.6540952381
335	0.8138566019	0.5466464938	0.726621773	0.7835571331	0.5475932566	0.5444664032	0.7267532946	0.7847471677	0.5489579237	0.6543586526	0.6547619048
336	0.8135962277	0.546934841	0.7264069821	0.7834093515	0.5469572542	0.5447540012	0.7265358755	0.7846026338	0.5483172604	0.6542188842	0.6546190476
337	0.8133013618	0.5466080308	0.7266564873	0.7831196376	0.5476354121	0.544430167	0.7267870302	0.7843137255	0.5489964581	0.6543107039	0.6547142857
338	0.8130326636	0.5461911591	0.727073787	0.7834157794	0.5478088634	0.5440158259	0.7272057469	0.7846097202	0.5491738788	0.6544495057	0.6548571429
339	0.812847122	0.5473919632	0.7264509455	0.7838916647	0.5488100813	0.545220661	0.7265862418	0.7850828729	0.5501719902	0.6549270245	0.6553333333
340	0.8125657028	0.5476647091	0.7270724085	0.7837048291	0.5492792721	0.5454905063	0.7272057469	0.7848987109	0.5506391347	0.6552140385	0.6556190476
341	0.812411334	0.5479160472	0.7271896103	0.7841122771	0.5491919597	0.5457422609	0.7273229579	0.7853065734	0.5505507474	0.655404868	0.6558095238
342	0.8121323749	0.5484018133	0.7266514567	0.784037549	0.5493152729	0.5462276278	0.7267870302	0.785227482	0.550673351	0.6553595171	0.6557619048
343	0.8118326552	0.54957012	0.7259527012	0.784037549	0.5492100035	0.547395473	0.7260829493	0.785227482	0.5505651106	0.6554126821	0.6558095238
344	0.8116615862	0.55032646	0.7255960242	0.7837805913	0.5495436456	0.5481481481	0.7257306168	0.7849709918	0.5508899597	0.6555124789	0.6559047619
345	0.8115774294	0.5512589312	0.7258470621	0.7837408077	0.5504218417	0.5490815722	0.7259819288	0.7849313807	0.5517648216	0.655990303	0.6563809524
346	0.8113184337	0.5503944648	0.7259296857	0.7838616284	0.5504654098	0.5482243545	0.7260653016	0.7850570482	0.5518121992	0.6558876108	0.6562857143
347	0.8111242735	0.5517236172	0.7264003718	0.7844182698	0.5515230133	0.5495548961	0.7265351282	0.7856091277	0.5528694969	0.6567469142	0.6571428571
348	0.8109537637	0.5515259276	0.7263336444	0.784272951	0.5514895203	0.5493570722	0.7264681479	0.7854645814	0.5528359383	0.6566513476	0.657047619
349	0.8108660899	0.5520999997	0.726351071	0.7844591269	0.5521222119	0.5499356627	0.726484692	0.7856485741	0.5534714721	0.6569833969	0.6573809524
350	0.8107005004	0.5511301596	0.7264684905	0.7837143307	0.5516956371	0.5489614243	0.7266021208	0.7849056604	0.5530451866	0.6564593614	0.6568571429
351	0.8105277353	0.5509501471	0.7265191438	0.7838275786	0.5510501441	0.5487829012	0.7266525307	0.7850174857	0.5524015323	0.6563158551	0.6567142857
352	0.8103974703	0.5502304192	0.7269000417	0.7841590378	0.5511810103	0.5480645481	0.7270382312	0.7853528383	0.5525307125	0.6564068788	0.6568095238
353	0.8103008409	0.5499056969	0.7272856824	0.7841987006	0.55124444	0.5477416799	0.7274235164	0.7853923282	0.5525979766	0.6564515743	0.6568571429
354	0.8101385179	0.549563497	0.7270031024	0.783717149	0.5509175828	0.5473997028	0.7271386431	0.7849126035	0.5522725042	0.6560702655	0.6564761905
355	0.8098767304	0.5494562491	0.7272034874	0.7834627345	0.5513086942	0.5472912746	0.7273397879	0.7846564254	0.5526651615	0.6561173896	0.6565238095
356	0.8094227192	0.5499654035	0.7282820592	0.7834162697	0.551351912	0.5477908471	0.7284132841	0.7846097202	0.5527065527	0.6564564044	0.6568571429
357	0.8093509283	0.549928623	0.7281619864	0.7834177519	0.5515273452	0.5477555863	0.7282959683	0.7846097202	0.5528822547	0.6564552657	0.6568571429
358	0.8091387999	0.5492989919	0.728548549	0.7831926032	0.5518740624	0.5471268915	0.7286821705	0.7843859326	0.553233245	0.6564038828	0.6568095238
359	0.8091014399	0.5491549305	0.7284815623	0.7831926032	0.5516771773	0.546983185	0.7286149303	0.7843859326	0.5530369934	0.6563083162	0.6567142857
360	0.8089638577	0.549570475	0.7282482832	0.7832643452	0.5515047358	0.547395473	0.7283802492	0.784458153	0.5528614901	0.6563119015	0.6567142857
361	0.8087078439	0.5502338568	0.72811274	0.7842988345	0.5517883738	0.5480617089	0.7282458245	0.7854907015	0.5531455491	0.6567878268	0.6571904762
362	0.8085628831	0.5499089271	0.7283640001	0.7840019813	0.5521907359	0.5477391907	0.7284976006	0.7851947334	0.5535504119	0.6567847158	0.6571904762
363	0.8082952254	0.5496576685	0.7289183062	0.784003465	0.5522421757	0.5474871389	0.7290513104	0.7851947334	0.5536047082	0.656878813	0.6572857143
364	0.8081039932	0.5494062754	0.7288317684	0.7838528982	0.5523506355	0.547235137	0.7289667897	0.7850432861	0.5537133327	0.6567830668	0.6571904762
365	0.8078246967	0.5507552416	0.7286644683	0.7843619231	0.5530303374	0.5485815953	0.7287994833	0.7855497189	0.5543894066	0.6573117799	0.6577142857
366	0.8077229382	0.5507917578	0.7287647805	0.7841396463	0.5527140325	0.5486166008	0.728899548	0.7853258365	0.5540726202	0.6572181495	0.6576190476
367	0.8075202389	0.5505578771	0.7284969521	0.7842470807	0.5526275594	0.5483839083	0.7286307054	0.785437788	0.5539850805	0.6571217764	0.6575238095
368	0.8073272775	0.5507185106	0.7287132694	0.7843589515	0.5531835793	0.5485465691	0.7288479263	0.7855497189	0.5545409917	0.6574062002	0.6578095238
369	0.807127322	0.5506091448	0.728713028	0.7845079896	0.5532485452	0.5484413657	0.7288479263	0.785701124	0.5546070062	0.6574509048	0.6578571429
370	0.8070153151	0.5509170818	0.7287785727	0.7846932002	0.5529029035	0.5487443148	0.7289151074	0.7858853879	0.5542570952	0.6575022786	0.6579047619
371	0.8067648308	0.5516531117	0.7284759247	0.7847282356	0.5533308572	0.5494809689	0.7286135693	0.7859183485	0.5546828981	0.6576948723	0.6580952381
372	0.8065881689	0.5516883932	0.7290639294	0.7843606831	0.5541477846	0.5495157146	0.7292012544	0.7855497189	0.5555010305	0.6579321435	0.6583333333
373	0.8063363298	0.5526579165	0.7288294835	0.7849162264	0.5544555301	0.5504840941	0.7289667897	0.7861026633	0.5558064199	0.6583165528	0.6587142857
374	0.8061584134	0.5525324342	0.7295898318	0.7847708323	0.5545150651	0.5503607789	0.7297222479	0.7859577997	0.5558716766	0.6584569676	0.6588571429
375	0.8060023477	0.5520121126	0.7296743869	0.7848014325	0.5548524173	0.5498370048	0.729807071	0.7859907834	0.556209535	0.6584083635	0.6588095238
376	0.8059338787	0.5518510623	0.729877175	0.784873402	0.5549928856	0.5496741063	0.7300092336	0.7860632316	0.5563511525	0.6584556583	0.6588571429
377	0.8056066796	0.5518508382	0.7304290141	0.7843217254	0.5555814776	0.5496741063	0.7305632502	0.7855101853	0.5569396763	0.6585975154	0.659
378	0.8054140875	0.5513302469	0.7311682803	0.7842163865	0.5553273141	0.5491552218	0.7313019391	0.7854049572	0.5566888976	0.6585944239	0.659
379	0.805243459	0.5519221073	0.7306131802	0.7843246974	0.5556976197	0.5497480486	0.7307479224	0.7855101853	0.5570588235	0.6586912894	0.6590952381
380	0.8050800905	0.551832861	0.7301771832	0.7851349163	0.5549985293	0.5496590572	0.7303111439	0.786320059	0.5563614977	0.658596082	0.659
381	0.8048116553	0.5534830143	0.7304618015	0.7849169374	0.5554401198	0.551308642	0.730595293	0.7860962567	0.5567981165	0.659126239	0.6595238095
382	0.8046391237	0.5533035601	0.7311007728	0.7846919298	0.5556915231	0.551125148	0.7312344197	0.7858723718	0.5570489552	0.6592217876	0.6596190476
383	0.8043848127	0.5535185264	0.731401784	0.7846535	0.5567886327	0.551342812	0.7315361891	0.7858328722	0.5581486566	0.6596002981	0.66
384	0.8042448131	0.554558478	0.7315177201	0.7853553841	0.5576601577	0.5523847141	0.7316532816	0.7865313653	0.5590196078	0.6602679836	0.6606666667
385	0.8040831968	0.5552745785	0.7319685983	0.7853170631	0.558981477	0.553099092	0.7321082279	0.7864919727	0.5603372218	0.6608403971	0.6612380952
386	0.8038500293	0.5557228246	0.7322728518	0.7854289616	0.5592321346	0.5535485145	0.7324099723	0.7866039303	0.5605882353	0.6611266136	0.6615238095
387	0.8037296513	0.5552038582	0.732388484	0.7852818204	0.5597087087	0.5530317993	0.7325270058	0.7864588138	0.5610664576	0.6611228667	0.6615238095
388	0.8034781167	0.5563293599	0.7325756587	0.785574668	0.5601521698	0.5541526928	0.732711661	0.7867491003	0.5615067687	0.6616047698	0.662
389	0.8032855364	0.5564569171	0.7330344607	0.7855776226	0.5602679532	0.5542834583	0.7331670823	0.7867552112	0.5616236886	0.6617934745	0.6621904762
390	0.8031422125	0.5558145406	0.7322770276	0.7853201372	0.5595430634	0.5536455246	0.7324099723	0.7864982016	0.5609015189	0.6612194194	0.6616190476
391	0.8029663321	0.5560975088	0.7321776665	0.7854289616	0.5594279465	0.5539220523	0.7323111029	0.7866039303	0.5607843137	0.6612238112	0.6616190476
392	0.8026968823	0.5571913886	0.7320433997	0.7859059707	0.5594060011	0.5550182572	0.7321758404	0.7870789109	0.5607604861	0.6615599307	0.661952381
393	0.8026033232	0.5572995809	0.732093105	0.7858338118	0.5594608832	0.5551278255	0.7322253001	0.7870062754	0.5608154464	0.661607387	0.662
394	0.8023597707	0.5565615966	0.7327633211	0.7864528399	0.5597335876	0.5543831969	0.7328963161	0.7876269621	0.5610904099	0.6617964058	0.6621904762
395	0.8021926545	0.5569013477	0.732832132	0.7864528399	0.5599303515	0.5547229343	0.7329639889	0.7876269621	0.5612865268	0.6619402443	0.6623333333
396	0.8017742162	0.5570291788	0.7331719538	0.786160473	0.5607191341	0.5548539858	0.7333025404	0.7873361639	0.562077413	0.6621757409	0.6625714286
397	0.8015114684	0.5569056274	0.7329779447	0.7863445409	0.5606595974	0.5547329977	0.7331118494	0.787520768	0.5620158839	0.662174442	0.6625714286
398	0.8013232649	0.5573494855	0.7332089277	0.7866409614	0.5607101187	0.5551720738	0.7333456357	0.7878116343	0.5620645668	0.6624161246	0.6628095238
399	0.8012127868	0.5578322894	0.7330428088	0.7870104821	0.5608528788	0.5556541457	0.7331795108	0.7881809788	0.5622056515	0.662608253	0.663
